pref,region_code,region_name,CKD,心血管,糖尿病,composite_score,risk_rank,risk_tier,pref_code,pref_en,topo_id,area
新潟県,1507,佐渡,87.4606343847942,59.109701255841685,63.95306394884683,70.17446652982757,1,高リスク,15,Niigata,JP.NI,中部
沖縄県,4704,宮古,83.22253107598522,57.38285672365065,66.15743686537682,68.92094155500423,2,高リスク,47,Okinawa,JP.ON,九州
高知県,3901,安芸,57.66277103101048,68.47347041676832,70.53143279139178,65.55589141305686,3,高リスク,39,Kochi,JP.KC,四国
青森県,202,八戸地域,57.57338546926405,56.08084893164139,76.19687247667238,63.28370229252594,4,高リスク,02,Aomori,JP.AO,東北
鹿児島県,4609,曽於,61.75378605254019,48.06253170619652,77.2384356925075,62.35158448374807,5,高リスク,46,Kagoshima,JP.KS,九州
沖縄県,4705,八重山,69.66080075665899,52.140741240765735,65.24700234690289,62.349514781442544,6,高リスク,47,Okinawa,JP.ON,九州
鹿児島県,4612,奄美,72.70825393635025,53.98718501280833,59.60569004755944,62.100376332239335,7,高リスク,46,Kagoshima,JP.KS,九州
北海道,115,留萌,57.75911847472341,54.107405602630806,74.41364680319116,62.09339029351512,8,高リスク,01,Hokkaido,JP.HK,北海道
茨城県,802,日立,53.302518430244334,64.00676193222964,67.59796510700433,61.635748489826106,9,高リスク,08,Ibaraki,JP.IB,関東
石川県,1704,能登北部,56.591147350097074,60.71105533432883,65.31092042226716,60.87104103556436,10,高リスク,17,Ishikawa,JP.IS,中部
三重県,2404,東紀州,54.812533674311936,61.70998526095238,65.71337216231603,60.74529703252679,11,高リスク,24,Mie,JP.ME,近畿
沖縄県,4701,北部,52.970846611657166,66.12917793470893,62.971759940445146,60.69059482893709,12,高リスク,47,Okinawa,JP.ON,九州
北海道,102,南檜山,50.61079891043806,53.30743240042001,72.68109341812453,58.86644157632753,13,高リスク,01,Hokkaido,JP.HK,北海道
高知県,3904,幡多,61.938490060379166,53.95817540986613,59.9516538125239,58.61610642758973,14,高リスク,39,Kochi,JP.KC,四国
北海道,120,釧路,61.97340207918773,54.65088141620851,59.20462697863867,58.6096368246783,15,高リスク,01,Hokkaido,JP.HK,北海道
鹿児島県,4611,熊毛,58.253007733323855,58.13148671839386,59.11710136918268,58.50053194030013,16,高リスク,46,Kagoshima,JP.KS,九州
徳島県,3605,西部,63.749437963936685,52.07749621362124,57.70080525984159,57.8425798124665,17,高リスク,36,Tokushima,JP.TS,四国
群馬県,1008,沼田,72.93589277787555,47.77427720815918,52.701910597836246,57.80402686129033,18,高リスク,10,Gunma,JP.GM,関東
青森県,205,上十三地域,55.82173500209304,53.437328445238286,62.95221915615535,57.403760867828886,19,高リスク,02,Aomori,JP.AO,東北
静岡県,2202,熱海伊東,63.02662404303807,53.59562561020611,54.43176868805756,57.01800611376725,20,高リスク,22,Shizuoka,JP.SZ,中部
岩手県,306,釜石,49.69980426112255,60.75127308010087,60.521927556373626,56.991001632532345,21,高リスク,03,Iwate,JP.IW,東北
北海道,107,中空知,52.05020737282098,51.27067955052931,67.1093035241161,56.81006348248879,22,高リスク,01,Hokkaido,JP.HK,北海道
福島県,706,相双,41.43491349255029,54.84606140189773,72.99465779202072,56.42521089548958,23,高リスク,07,Fukushima,JP.FS,東北
鹿児島県,4606,出水,55.610547218491845,45.85746094408928,67.79858148105072,56.42219654787728,24,高リスク,46,Kagoshima,JP.KS,九州
鹿児島県,4603,南薩,59.26113305589362,46.90974147490277,63.03523816698769,56.402037565928026,25,高リスク,46,Kagoshima,JP.KS,九州
北海道,111,日高,53.72668991483115,54.14121511286815,61.21821529682013,56.36204010817314,26,高リスク,01,Hokkaido,JP.HK,北海道
愛媛県,3803,今治,58.3787891107352,61.66562778376533,48.27088623838006,56.10510104429353,27,高リスク,38,Ehime,JP.EH,四国
山形県,602,最上,40.38795773408352,58.38844579670623,69.49418145951861,56.09019499676946,28,高リスク,06,Yamagata,JP.YT,東北
熊本県,4311,天草,49.50155398552944,51.760734735263206,66.98656511601165,56.082951278934765,29,高リスク,43,Kumamoto,JP.KM,九州
岩手県,309,二戸,45.07897385361384,52.948867327984985,70.01235970695129,56.01340029618336,30,高リスク,03,Iwate,JP.IW,東北
北海道,118,遠紋,44.68853740262534,56.84415804466813,66.10602881489248,55.87957475406199,31,高リスク,01,Hokkaido,JP.HK,北海道
熊本県,4302,宇城,49.9125390457821,50.95577987543891,66.62719883009052,55.83183925043718,32,高リスク,43,Kumamoto,JP.KM,九州
宮城県,409,石巻・登米・気仙沼,45.02510366107034,56.35380695436234,65.79987339256289,55.72626133599852,33,高リスク,04,Miyagi,JP.MG,東北
熊本県,4310,球磨,51.030048853414,45.96321397366141,69.98916354812476,55.6608087917334,34,高リスク,43,Kumamoto,JP.KM,九州
和歌山県,3001,和歌山,59.14638264245828,54.88638446931578,52.65499331409812,55.56258680862405,35,高リスク,30,Wakayama,JP.WK,近畿
福岡県,4010,直方・鞍手,47.85594311398039,53.62703015321402,65.17698023844119,55.55331783521186,36,高リスク,40,Fukuoka,JP.FO,九州
岡山県,3303,高梁・新見,48.92530396408689,52.19907401986474,64.72825365537707,55.2842105464429,37,高リスク,33,Okayama,JP.OY,中国
岩手県,305,気仙,42.47342445760765,65.87422522310575,57.17338204346848,55.17367724139396,38,高リスク,03,Iwate,JP.IW,東北
秋田県,505,由利本荘・にかほ,63.57397945246797,48.92195041677954,52.94797012085198,55.147966663366496,39,高リスク,05,Akita,JP.AK,東北
鹿児島県,4610,肝属,51.09470789255745,47.24585622713537,66.77477066158238,55.03844492709174,40,高リスク,46,Kagoshima,JP.KS,九州
山口県,3506,下関,55.39819382354808,59.81815653963076,49.66933277818371,54.96189438045419,41,高リスク,35,Yamaguchi,JP.YC,中国
新潟県,1505,魚沼,61.95951088818781,56.776046146488525,45.666874573933335,54.80081053620322,42,高リスク,15,Niigata,JP.NI,中部
群馬県,1004,高崎・安中,60.97449871353925,49.59802200794695,53.72432236640528,54.765614362630494,43,高リスク,10,Gunma,JP.GM,関東
福岡県,4008,有明,53.20410744285161,51.014327318631246,59.628810250440665,54.61574833730784,44,高リスク,40,Fukuoka,JP.FO,九州
長崎県,4208,壱岐,40.06749074272834,61.74194899256948,61.46177697441901,54.42373890323895,45,高リスク,42,Nagasaki,JP.NS,九州
千葉県,1208,君津,55.37420861184236,53.49280131328351,54.39234716056457,54.41978569523015,46,高リスク,12,Chiba,JP.CH,関東
愛媛県,3802,新居浜・西条,59.5545782165933,54.88597803499884,48.57367118131893,54.33807581097036,47,高リスク,38,Ehime,JP.EH,四国
愛媛県,3806,宇和島,54.162193810106245,56.695247220071685,52.086796168685055,54.31474573295433,48,高リスク,38,Ehime,JP.EH,四国
群馬県,1009,桐生,58.166780941440535,51.71268966139851,52.82908056313408,54.23618372199104,49,高リスク,10,Gunma,JP.GM,関東
愛知県,2311,東三河北部,48.79540258458007,53.688412978699816,60.17278603612131,54.2188671998004,50,高リスク,23,Aichi,JP.AI,中部
山口県,3508,萩,49.35809376275202,56.86890421274424,56.380615872232646,54.20253794924297,51,高リスク,35,Yamaguchi,JP.YC,中国
秋田県,503,能代・山本,50.85072649366592,50.266964258788775,61.221116188973326,54.11293564714267,52,高リスク,05,Akita,JP.AK,東北
北海道,121,根室,48.89644653488816,61.20234872583584,52.154679136939215,54.08449146588774,53,高リスク,01,Hokkaido,JP.HK,北海道
北海道,103,北渡島檜山,46.83669059714677,57.87109940042772,57.409129939983856,54.03897331251945,54,高リスク,01,Hokkaido,JP.HK,北海道
群馬県,1001,前橋,57.709959199492616,52.492512517486965,51.88753798317055,54.030003233383376,55,高リスク,10,Gunma,JP.GM,関東
奈良県,2905,南和,50.53721878046927,59.86116520811261,51.60506227827889,54.00114875562025,56,高リスク,29,Nara,JP.NR,近畿
島根県,3204,大田,54.03756792271089,48.43241477694781,59.51974438281974,53.99657569415948,57,高リスク,32,Shimane,JP.SM,中国
静岡県,2201,賀茂,44.73618785462469,59.09267764480081,57.99698385128889,53.94194978357146,58,高リスク,22,Shizuoka,JP.SZ,中部
大分県,4405,南部,60.23501325335772,49.06570285873057,52.38302930110963,53.89458180439931,59,高リスク,44,Oita,JP.OT,九州
岩手県,307,宮古,46.95889903978449,57.19993544397392,56.94370736532791,53.70084728302877,60,高リスク,03,Iwate,JP.IW,東北
熊本県,4309,芦北,54.43349706685014,45.2761166366514,61.32211290284394,53.67724220211516,61,高リスク,43,Kumamoto,JP.KM,九州
富山県,1604,砺波,57.55195982161421,49.79322546644133,53.63948353648131,53.661556274845616,62,高リスク,16,Toyama,JP.TY,中部
北海道,101,南渡島,52.06274462364706,55.72426452702218,52.76878146326025,53.51859687130983,63,高リスク,01,Hokkaido,JP.HK,北海道
石川県,1703,能登中部,54.97265739060997,50.12831811510578,55.31303358870664,53.471336364807456,64,高リスク,17,Ishikawa,JP.IS,中部
福岡県,4012,北九州,52.66887085727112,53.855640870943326,53.84796824354623,53.45749332392023,65,高リスク,40,Fukuoka,JP.FO,九州
富山県,1603,高岡,56.594411324020925,49.682081892130526,54.08918879254202,53.455227336231154,66,高リスク,16,Toyama,JP.TY,中部
和歌山県,3006,田辺,54.37837128104053,53.06628406622977,52.64983806041072,53.36483113589367,67,高リスク,30,Wakayama,JP.WK,近畿
秋田県,501,大館・鹿角,52.32923943779093,52.93756814686891,54.603012155374685,53.289939913344845,68,やや高,05,Akita,JP.AK,東北
沖縄県,4702,中部,48.61191225534418,54.85453454491324,56.34637899740096,53.2709419325528,69,やや高,47,Okinawa,JP.ON,九州
青森県,201,津軽地域,53.76256034102606,50.752315191708135,55.26614913001386,53.26034155424935,70,やや高,02,Aomori,JP.AO,東北
山梨県,1903,峡南,50.58149912918911,53.27086611788635,55.82225438760845,53.22487321156131,71,やや高,19,Yamanashi,JP.YN,中部
鹿児島県,4607,姶良・伊佐,52.54072212707892,49.0191587252373,58.11168479295706,53.2238552150911,72,やや高,46,Kagoshima,JP.KS,九州
和歌山県,3007,新宮,53.177453527360285,57.32306401732743,49.12292244642235,53.207813330370016,73,やや高,30,Wakayama,JP.WK,近畿
茨城県,804,鹿行,44.70798560202556,55.11659358289002,59.739377779818085,53.18798565491122,74,やや高,08,Ibaraki,JP.IB,関東
熊本県,4303,有明,47.70653197402586,49.88174690686815,61.842651689492655,53.143643523462224,75,やや高,43,Kumamoto,JP.KM,九州
愛知県,2302,海部,56.9907738676737,54.80285500034272,47.624265381584,53.13929808320014,76,やや高,23,Aichi,JP.AI,中部
愛媛県,3801,宇摩,54.31686149278043,54.04712243686959,50.764282512386536,53.042755480678856,77,やや高,38,Ehime,JP.EH,四国
鹿児島県,4605,川薩,55.02008354453511,46.08340431613145,58.00738275419107,53.0369568716192,78,やや高,46,Kagoshima,JP.KS,九州
広島県,3407,備北,47.81864863182047,45.78717107769533,65.34633401131633,52.98405124027738,79,やや高,34,Hiroshima,JP.HS,中国
和歌山県,3002,那賀,56.936843478811255,51.93722432408135,50.04866265125718,52.9742434847166,80,やや高,30,Wakayama,JP.WK,近畿
岩手県,308,久慈,45.0350630518793,51.523788607148354,62.336177711431,52.96500979015288,81,やや高,03,Iwate,JP.IW,東北
北海道,116,宗谷,50.00818914085811,52.72137713086144,55.9168570270454,52.88214109958832,82,やや高,01,Hokkaido,JP.HK,北海道
北海道,117,北網,51.0582278758306,51.43587975352993,56.0814025005871,52.85850337664922,83,やや高,01,Hokkaido,JP.HK,北海道
大分県,4406,豊肥,58.36800050970994,38.05109177223444,62.04414702054879,52.821079767497714,84,やや高,44,Oita,JP.OT,九州
千葉県,1209,市原,54.73116830586545,50.7710677636381,52.75179777662497,52.751344615376176,85,やや高,12,Chiba,JP.CH,関東
青森県,206,下北地域,50.38731815903184,49.94189068652574,57.79013765323573,52.7064488329311,86,やや高,02,Aomori,JP.AO,東北
北海道,109,西胆振,44.53386572005373,56.3175152793917,56.92343955357648,52.591606851007306,87,やや高,01,Hokkaido,JP.HK,北海道
徳島県,3601,東部,65.22595181141487,48.17405199378703,44.368469252881525,52.58949101936114,88,やや高,36,Tokushima,JP.TS,四国
熊本県,4304,鹿本,49.09693544929212,48.59672985846798,59.9882059928463,52.56062376686881,89,やや高,43,Kumamoto,JP.KM,九州
群馬県,1002,渋川,55.75186209663568,50.676282543046526,51.057892246186405,52.495345628622864,90,やや高,10,Gunma,JP.GM,関東
鹿児島県,4601,鹿児島,55.10411161374711,46.50914106067444,55.86787062379907,52.493707766073534,91,やや高,46,Kagoshima,JP.KS,九州
群馬県,1007,吾妻,54.51126138299268,52.98713229879394,49.40276175427637,52.30038514535433,92,やや高,10,Gunma,JP.GM,関東
高知県,3903,高幡,53.51358240617485,48.95625226663738,54.31420205330663,52.26134557537296,93,やや高,39,Kochi,JP.KC,四国
岡山県,3304,真庭,49.55293527281704,49.4233871764496,57.798084799144576,52.2581357494704,94,やや高,33,Okayama,JP.OY,中国
山梨県,1904,富士・東部,49.20590537443712,56.77664737024942,50.74292091250155,52.24182455239603,95,やや高,19,Yamanashi,JP.YN,中部
高知県,3902,中央,57.21370021184435,46.97728866507077,52.23879231131951,52.14326039607821,96,やや高,39,Kochi,JP.KC,四国
島根県,3205,浜田,55.4402340827399,45.35390587161539,55.46028352974732,52.0848078280342,97,やや高,32,Shimane,JP.SM,中国
広島県,3403,呉,52.18165918553504,55.0866286073263,48.883927155892366,52.050738316251234,98,やや高,34,Hiroshima,JP.HS,中国
徳島県,3603,南部,56.923329640783344,52.47379047517411,46.70503919901421,52.03405310499056,99,やや高,36,Tokushima,JP.TS,四国
熊本県,4306,阿蘇,45.112578641233085,46.43197026883514,64.48207276435791,52.00887389147538,100,やや高,43,Kumamoto,JP.KM,九州
北海道,113,上川北部,50.04797093349141,45.76011461664085,60.17762350320137,51.9952363511112,101,やや高,01,Hokkaido,JP.HK,北海道
山口県,3505,宇部・小野田,53.34636339181803,54.80704096943761,47.71550598727674,51.95630344951079,102,やや高,35,Yamaguchi,JP.YC,中国
茨城県,809,古河・坂東,43.41339669177103,52.50343756421431,59.885978446409446,51.93427090079825,103,やや高,08,Ibaraki,JP.IB,関東
福岡県,4011,田川,48.88521956572788,49.24016046829591,57.59574939809724,51.90704314404034,104,やや高,40,Fukuoka,JP.FO,九州
青森県,204,西北五地域,51.66208167677961,52.04924688847024,51.826078286861446,51.8458022840371,105,やや高,02,Aomori,JP.AO,東北
宮崎県,4504,日南串間,52.36124324238797,50.53373746363112,52.60587558787752,51.833618764632206,106,やや高,45,Miyazaki,JP.MZ,九州
秋田県,506,大仙・仙北,45.538595185327786,51.32623116880163,58.62562111872164,51.83014915761702,107,やや高,05,Akita,JP.AK,東北
宮崎県,4505,西諸,47.59307527950397,47.57550931780091,60.28147203956706,51.816685545623976,108,やや高,45,Miyazaki,JP.MZ,九州
和歌山県,3003,橋本,52.7342530804936,52.90562214452324,49.70924503170976,51.78304008557552,109,やや高,30,Wakayama,JP.WK,近畿
佐賀県,4103,北部,50.00975482876649,40.72602428961105,64.57231766137693,51.769365593251486,110,やや高,41,Saga,JP.SG,九州
群馬県,1005,藤岡,55.69100337510695,48.36450804456633,51.18423395494994,51.74658179154107,111,やや高,10,Gunma,JP.GM,関東
茨城県,805,土浦,47.09652159983776,51.63110864339309,56.45449854876054,51.72737626399712,112,やや高,08,Ibaraki,JP.IB,関東
栃木県,906,両毛,49.70363280243696,54.76598316069697,50.56042554925246,51.6766805041288,113,やや高,09,Tochigi,JP.TC,関東
宮城県,406,大崎・栗原,41.66635844359425,51.79195389540506,61.48187941820972,51.64673058573634,114,やや高,04,Miyagi,JP.MG,東北
福井県,1802,奥越,54.58482530276544,46.64195874462867,53.20527343088232,51.4773524927588,115,やや高,18,Fukui,JP.FI,中部
岡山県,3305,津山・英田,48.36842401510545,49.92051763020428,55.83924072995087,51.37606079175353,116,やや高,33,Okayama,JP.OY,中国
福島県,707,いわき,49.92474469156621,47.79928429738931,56.38455601066222,51.36952833320591,117,やや高,07,Fukushima,JP.FS,東北
福岡県,4009,飯塚,48.16723465963045,53.79555285733,52.13619889170517,51.36632880288854,118,やや高,40,Fukuoka,JP.FO,九州
千葉県,1206,山武長生夷隅,44.15589389169689,52.2498223712058,57.6542842484248,51.35333350377582,119,やや高,12,Chiba,JP.CH,関東
大阪府,2705,南河内,55.78949024243015,52.055145273757965,45.96794401135142,51.270859842513175,120,やや高,27,Osaka,JP.OS,近畿
北海道,119,十勝,50.8274239723621,48.0287996675044,54.84972889177473,51.23531751054708,121,やや高,01,Hokkaido,JP.HK,北海道
宮崎県,4502,都城北諸県,47.7531849219336,40.40082206176052,65.48111720554039,51.21170806307816,122,やや高,45,Miyazaki,JP.MZ,九州
兵庫県,2812,播磨姫路,48.49269708373874,58.65614407791189,46.43689499045761,51.19524538403608,123,やや高,28,Hyogo,JP.HG,近畿
福岡県,4005,朝倉,47.4122682600332,48.5775519714313,57.57339917741815,51.18773980296088,124,やや高,40,Fukuoka,JP.FO,九州
愛知県,2307,知多半島,54.24299406115808,50.83399996797202,48.35816138686916,51.14505180533308,125,やや高,23,Aichi,JP.AI,中部
北海道,110,東胆振,50.4223137733301,50.952049049519886,51.92117058491274,51.09851113592091,126,やや高,01,Hokkaido,JP.HK,北海道
三重県,2403,南勢志摩,48.93510954642417,50.219579997301366,53.99057529373668,51.0484216124874,127,やや高,24,Mie,JP.ME,近畿
愛知県,2305,尾張西部,58.61098252550244,49.74930679115389,44.60474546559399,50.98834492741677,128,やや高,23,Aichi,JP.AI,中部
和歌山県,3004,有田,51.22089916813502,51.92209963901805,49.817881570156864,50.986960125769976,129,やや高,30,Wakayama,JP.WK,近畿
山口県,3502,柳井,50.66221013966773,56.20499039520219,46.04060465632424,50.96926839706472,130,やや高,35,Yamaguchi,JP.YC,中国
群馬県,1003,伊勢崎,51.610016282628585,49.67276390458959,51.565895739246365,50.94955864215484,131,やや高,10,Gunma,JP.GM,関東
和歌山県,3005,御坊,50.103159960236695,45.82278357174454,56.84299404763931,50.92297919320685,132,やや高,30,Wakayama,JP.WK,近畿
佐賀県,4102,東部,44.73288270963175,49.568083512185765,58.44708484400829,50.91601702194193,133,やや高,41,Saga,JP.SG,九州
茨城県,808,筑西・下妻,42.97156508134054,49.90473326110303,59.66443708575434,50.84691180939931,134,やや高,08,Ibaraki,JP.IB,関東
佐賀県,4104,西部,50.30161731710356,42.883582290059856,59.12110248004211,50.76876736240184,135,中程度,41,Saga,JP.SG,九州
千葉県,1207,安房,39.1105269041807,50.47335302811416,62.690001491172,50.75796047448896,136,中程度,12,Chiba,JP.CH,関東
熊本県,4308,八代,47.19050515376063,47.522057726837176,57.401396206332606,50.7046530289768,137,中程度,43,Kumamoto,JP.KM,九州
島根県,3202,雲南,53.55144280356844,51.43416629835811,47.10398275518571,50.69653061903742,138,中程度,32,Shimane,JP.SM,中国
秋田県,502,北秋田,50.51611421704828,52.33228142447954,49.14807999241378,50.665491877980536,139,中程度,05,Akita,JP.AK,東北
長崎県,4202,佐世保県北,54.283477432981314,46.70809460234689,50.85865524140649,50.61674242557823,140,中程度,42,Nagasaki,JP.NS,九州
佐賀県,4101,中部,47.53108925578057,48.85999620002647,55.32788548599636,50.57299031393447,141,中程度,41,Saga,JP.SG,九州
奈良県,2902,東和,48.06210870393299,56.932190057371024,46.26169459348737,50.41866445159713,142,中程度,29,Nara,JP.NR,近畿
北海道,106,南空知,48.10847324815447,47.72433747520717,55.41615647005807,50.41632239780657,143,中程度,01,Hokkaido,JP.HK,北海道
茨城県,807,取手・竜ヶ崎,45.41959395509196,51.32794697063632,54.48536737313805,50.41096943295545,144,中程度,08,Ibaraki,JP.IB,関東
青森県,203,青森地域,52.2071953728732,45.15903816160415,53.78417551505105,50.38346968317614,145,中程度,02,Aomori,JP.AO,東北
岩手県,301,盛岡,52.47911087345429,48.93048201401725,49.69608840717389,50.36856043154848,146,中程度,03,Iwate,JP.IW,東北
埼玉県,1108,利根,48.12299865610585,49.40471337080845,53.55240440795007,50.36003881162146,147,中程度,11,Saitama,JP.ST,関東
宮城県,401,仙南,40.16728942540552,51.86997477016972,58.83719283216445,50.29148567591323,148,中程度,04,Miyagi,JP.MG,東北
群馬県,1010,太田・館林,47.32308819534538,53.5626032574567,49.94987964527386,50.27852369935865,149,中程度,10,Gunma,JP.GM,関東
沖縄県,4703,南部,49.97779075023318,48.794154890182185,51.97402649532256,50.24865737857931,150,中程度,47,Okinawa,JP.ON,九州
福島県,702,県中,48.49812003692276,52.50137792814791,49.66765605030567,50.222384671792106,151,中程度,07,Fukushima,JP.FS,東北
茨城県,803,常陸太田・ひたちなか,46.14118210238158,50.74290607657789,53.75092957644361,50.21167258513436,152,中程度,08,Ibaraki,JP.IB,関東
静岡県,2203,駿東田方,53.66508510758896,50.34823578630389,46.57010816407742,50.19447635265675,153,中程度,22,Shizuoka,JP.SZ,中部
広島県,3405,尾三,49.118319619259225,49.83639124441332,51.56064425581728,50.171785039829935,154,中程度,34,Hiroshima,JP.HS,中国
山口県,3503,周南,55.55964404740098,52.42945431491978,42.451359694161965,50.14681935216091,155,中程度,35,Yamaguchi,JP.YC,中国
愛媛県,3805,八幡浜・大洲,48.59823840438119,52.00563773880818,49.82473148222344,50.14286920847093,156,中程度,38,Ehime,JP.EH,四国
香川県,3707,西部,49.63702022737876,54.18726877398955,46.45131277080071,50.09186725738967,157,中程度,37,Kagawa,JP.KG,四国
岐阜県,2103,中濃,54.25400920458587,54.49827439640618,41.50983359622706,50.08737239907304,158,中程度,21,Gifu,JP.GF,中部
北海道,105,後志,46.989579284984046,51.00301049759017,52.12055828103642,50.03771602120355,159,中程度,01,Hokkaido,JP.HK,北海道
佐賀県,4105,南部,46.408083851709165,46.44385681370923,57.19244639648143,50.01479568729994,160,中程度,41,Saga,JP.SG,九州
島根県,3207,隠岐,38.06319325502071,54.55564195308344,57.424138428749785,50.01432454561797,161,中程度,32,Shimane,JP.SM,中国
山口県,3501,岩国,53.845818777627485,52.430703683833954,43.206887632262976,49.827803364574805,162,中程度,35,Yamaguchi,JP.YC,中国
愛知県,2312,東三河南部,51.12749454179415,51.95150461540004,46.3829328888728,49.82064401535566,163,中程度,23,Aichi,JP.AI,中部
岩手県,303,胆江,49.07035418277566,50.417205220094246,49.70072433134413,49.72942791140469,164,中程度,03,Iwate,JP.IW,東北
石川県,1701,南加賀,55.81546793776703,46.10637538630064,47.24369758510136,49.721846969723,165,中程度,17,Ishikawa,JP.IS,中部
富山県,1602,富山,52.03687748439646,50.05468162364341,47.04712552350372,49.71289487718119,166,中程度,16,Toyama,JP.TY,中部
山梨県,1902,峡東,52.72625412175286,50.75709719213542,45.40211471879783,49.62848867756204,167,中程度,19,Yamanashi,JP.YN,中部
広島県,3406,福山・府中,47.55928361659595,53.22227141996005,47.89038177776476,49.55731227144025,168,中程度,34,Hiroshima,JP.HS,中国
岐阜県,2102,西濃,55.15476052502534,51.81915896975947,41.51238617915547,49.49543522464676,169,中程度,21,Gifu,JP.GF,中部
福井県,1804,嶺南,53.76367108558173,48.357895213467785,46.32180018343099,49.48112216082683,170,中程度,18,Fukui,JP.FI,中部
新潟県,1504,中越,49.38337893466085,51.51568959886537,47.4877738395808,49.46228079103568,171,中程度,15,Niigata,JP.NI,中部
岐阜県,2101,岐阜,58.17955262541704,50.8372689383796,39.15513378700393,49.39065178360019,172,中程度,21,Gifu,JP.GF,中部
熊本県,4312,熊本・上益城,50.43738828137632,46.15154588619817,51.56831603018584,49.3857500659201,173,中程度,43,Kumamoto,JP.KM,九州
埼玉県,1110,秩父,42.70148936546833,56.74637063186909,48.65715333766363,49.36833777833368,174,中程度,11,Saitama,JP.ST,関東
島根県,3206,益田,37.64853801409741,49.99331354599307,60.42912417033783,49.35699191014277,175,中程度,32,Shimane,JP.SM,中国
千葉県,1205,香取海匝,43.54543632613442,51.30169118697924,53.18964304254321,49.34559018521895,176,中程度,12,Chiba,JP.CH,関東
長崎県,4207,上五島,35.74950285624172,49.71405202282942,62.52091926517899,49.328158048083374,177,中程度,42,Nagasaki,JP.NS,九州
島根県,3203,出雲,53.509968582940886,50.12273567776348,44.25038600300931,49.2943634212379,178,中程度,32,Shimane,JP.SM,中国
石川県,1702,石川中央,58.26034009269927,46.399914466115895,43.140301615006784,49.266852057940646,179,中程度,17,Ishikawa,JP.IS,中部
長崎県,4201,長崎,53.94282645724696,47.42927618237896,46.291138677067295,49.22108043889773,180,中程度,42,Nagasaki,JP.NS,九州
愛知県,2309,西三河南部西,48.58280202975988,50.090866868104506,48.98880699933829,49.22082529906756,181,中程度,23,Aichi,JP.AI,中部
新潟県,1503,県央,49.915252560244944,51.23299017841531,46.30296370955288,49.15040214940439,182,中程度,15,Niigata,JP.NI,中部
島根県,3201,松江,51.85920429311554,48.92810687741992,46.61612540335305,49.13447885796284,183,中程度,32,Shimane,JP.SM,中国
大阪府,2707,泉州,51.41330536879242,51.20015250787087,44.66669892363372,49.093385600099,184,中程度,27,Osaka,JP.OS,近畿
長崎県,4209,対馬,36.29156139715076,52.75663244734582,58.060876351618816,49.03635673203846,185,中程度,42,Nagasaki,JP.NS,九州
富山県,1601,新川,49.52382220768041,53.097423508391365,44.48252520727084,49.03459030778087,186,中程度,16,Toyama,JP.TY,中部
兵庫県,2804,東播磨,53.27081407591999,51.63880678705692,42.15535592680587,49.02165892992759,187,中程度,28,Hyogo,JP.HG,近畿
岩手県,304,両磐,42.464000709458574,53.60276193018123,50.951726441442375,49.00616302702739,188,中程度,03,Iwate,JP.IW,東北
大分県,4401,東部,49.02160401333171,46.77939859355388,51.216651214896174,49.00588460726059,189,中程度,44,Oita,JP.OT,九州
大分県,4403,中部,53.77249270665015,45.66946310620722,47.56321582283452,49.00172387856396,190,中程度,44,Oita,JP.OT,九州
埼玉県,1105,県央,51.12097700850566,49.12581769487315,46.72502401113326,48.99060623817069,191,中程度,11,Saitama,JP.ST,関東
栃木県,901,県北,45.74336114674796,48.92634626378351,52.21023057933651,48.95997932995599,192,中程度,09,Tochigi,JP.TC,関東
熊本県,4305,菊池,44.53958305897032,50.20180650508807,52.12785343107565,48.95641433171135,193,中程度,43,Kumamoto,JP.KM,九州
静岡県,2204,富士,54.34843571145431,49.83508459300965,42.65570455962804,48.94640828803066,194,中程度,22,Shizuoka,JP.SZ,中部
埼玉県,1107,西部,52.84086438211334,49.01952788375807,44.96686658702178,48.94241961763106,195,中程度,11,Saitama,JP.ST,関東
山口県,3504,山口・防府,49.25226316249108,51.62948944501184,45.93514497914912,48.938965862217344,196,中程度,35,Yamaguchi,JP.YC,中国
北海道,114,富良野,44.19490296723004,48.589664353029335,53.881120950308656,48.888562756856,197,中程度,01,Hokkaido,JP.HK,北海道
大阪府,2703,北河内,55.7262887398456,48.69101146968151,42.23651500434173,48.88460507128962,198,中程度,27,Osaka,JP.OS,近畿
埼玉県,1103,東部,50.74484616133499,50.47238563982946,45.38060389925565,48.86594523347336,199,中程度,11,Saitama,JP.ST,関東
北海道,112,上川中部,52.11594761163464,46.17215863821936,48.20889433802941,48.83233352929447,200,中程度,01,Hokkaido,JP.HK,北海道
広島県,3402,広島西,47.49332274687576,54.24703927407455,44.65717429512594,48.79917877202541,201,中程度,34,Hiroshima,JP.HS,中国
北海道,108,北空知,41.2553112613023,45.66432768067303,59.45178622867411,48.790475056883146,202,やや低,01,Hokkaido,JP.HK,北海道
岡山県,3301,県南東部,49.53767061449607,51.65109997838976,45.16494061867501,48.784570403853614,203,やや低,33,Okayama,JP.OY,中国
茨城県,801,水戸,44.308823807253866,50.79422630650543,51.23703319076533,48.78002776817488,204,やや低,08,Ibaraki,JP.IB,関東
埼玉県,1106,川越比企,47.777424762589,52.54819384933837,45.82824860075607,48.71795573756114,205,やや低,11,Saitama,JP.ST,関東
東京都,1306,区東北部,52.14148495190061,47.49811986367351,46.49232719079224,48.71064400212212,206,やや低,13,Tokyo,JP.TK,関東
大阪府,2706,堺市,48.03582248944005,54.33799672947811,43.539783125066805,48.637867447994985,207,やや低,27,Osaka,JP.OS,近畿
滋賀県,2507,湖西,46.3660288336504,53.680273917667336,45.83944593311459,48.62858289481077,208,やや低,25,Shiga,JP.SH,近畿
長野県,2001,佐久,51.21030199713648,47.746499675491066,46.89725267002143,48.61801811421632,209,やや低,20,Nagano,JP.NN,中部
福井県,1803,丹南,49.46779317085342,51.65415231135877,44.65856702112369,48.59350416777863,210,やや低,18,Fukui,JP.FI,中部
山梨県,1901,中北,50.57137656829171,50.02855560976519,45.10004884844486,48.566660342167246,211,やや低,19,Yamanashi,JP.YN,中部
新潟県,1501,下越,47.13858579537407,47.42116597898428,51.02636950324501,48.52870709253445,212,やや低,15,Niigata,JP.NI,中部
岡山県,3302,県南西部,46.0710548330256,50.53384602711477,48.95223340509967,48.51904475508002,213,やや低,33,Okayama,JP.OY,中国
埼玉県,1109,北部,44.9991544711894,49.67199652517453,50.81291834431228,48.4946897802254,214,やや低,11,Saitama,JP.ST,関東
愛媛県,3804,松山,54.31538169563109,49.468388529576025,41.691595426786506,48.49178855066455,215,やや低,38,Ehime,JP.EH,四国
福岡県,4006,久留米,49.10909797437223,49.06189374706665,47.30343387140813,48.49147519761567,216,やや低,40,Fukuoka,JP.FO,九州
秋田県,504,秋田周辺,48.846093634656825,49.82363823166618,46.6738677549568,48.4478665404266,217,やや低,05,Akita,JP.AK,東北
大分県,4409,北部,43.1383350018003,45.19322240695081,57.006009611110656,48.44585567328725,218,やや低,44,Oita,JP.OT,九州
兵庫県,2808,但馬,47.33549727389215,56.64826852968619,41.32539403955573,48.43638661437802,219,やや低,28,Hyogo,JP.HG,近畿
岩手県,302,岩手中部,44.41550666983279,55.980801365182025,44.902933514401965,48.433080516472266,220,やや低,03,Iwate,JP.IW,東北
兵庫県,2805,北播磨,45.96183301204693,53.4242622145824,45.79316898734294,48.39308807132409,221,やや低,28,Hyogo,JP.HG,近畿
愛知県,2306,尾張北部,52.66749199641885,51.170944945030485,40.91313587406111,48.25052427183681,222,やや低,23,Aichi,JP.AI,中部
神奈川県,1411,県西,52.47242468095061,47.49381007490727,44.75251214761516,48.23958230115769,223,やや低,14,Kanagawa,JP.KN,関東
大阪府,2704,中河内,50.97771164406579,49.974270998318886,43.730030944628055,48.22733786233758,224,やや低,27,Osaka,JP.OS,近畿
愛知県,2310,西三河南部東,47.22715755128319,49.17980530308918,48.11776109830258,48.17490798422498,225,やや低,23,Aichi,JP.AI,中部
秋田県,508,湯沢・雄勝,49.40472892901228,52.26397055846083,42.81989984401368,48.16286644382893,226,やや低,05,Akita,JP.AK,東北
広島県,3404,広島中央,47.35519905455723,53.93959588932288,43.14656343587977,48.14711945991996,227,やや低,34,Hiroshima,JP.HS,中国
福島県,708,会津・南会津,42.10444133135074,45.31465754494021,56.83093607582569,48.08334498403888,228,やや低,07,Fukushima,JP.FS,東北
群馬県,1006,富岡,54.78124871112825,40.39635360710388,49.02092670726946,48.06617634183386,229,やや低,10,Gunma,JP.GM,関東
香川県,3706,東部,50.17442297027734,50.034938662282656,43.86620743870682,48.02518969042227,230,やや低,37,Kagawa,JP.KG,四国
兵庫県,2809,丹波,44.30254919300401,55.85478452934293,43.83823194548647,47.99852188927781,231,やや低,28,Hyogo,JP.HG,近畿
長崎県,4203,県央,50.03073123587598,47.60597309705683,46.2775674402231,47.971423924385306,232,やや低,42,Nagasaki,JP.NS,九州
広島県,3401,広島,47.98465126751155,51.542802442498186,44.06464199320276,47.86403190107083,233,やや低,34,Hiroshima,JP.HS,中国
神奈川県,1409,県央,50.96744032466101,48.8062131596276,43.60101228764202,47.791555257310215,234,やや低,14,Kanagawa,JP.KN,関東
大分県,4408,西部,47.13501748456196,46.359743025964406,49.83422553836819,47.776328682964845,235,やや低,44,Oita,JP.OT,九州
宮城県,403,仙台,46.34976019937189,45.2010533624717,51.68596533557983,47.74559296580781,236,やや低,04,Miyagi,JP.MG,東北
京都府,2605,山城北,53.87727607401803,45.82956806309296,43.38665922005462,47.69783445238853,237,やや低,26,Kyoto,JP.KY,近畿
福岡県,4013,京築,42.357168873462776,49.9934524926698,50.70860432609004,47.686408564074206,238,やや低,40,Fukuoka,JP.FO,九州
長野県,2006,木曽,47.7547210122311,49.2324442775467,46.06343247600931,47.6835325885957,239,やや低,20,Nagano,JP.NN,中部
千葉県,1204,印旛,47.92769181622556,49.86773952680167,45.19988449264571,47.66510527855765,240,やや低,12,Chiba,JP.CH,関東
福井県,1801,福井・坂井,49.51977586952973,50.52103840386812,42.88224487565033,47.6410197163494,241,やや低,18,Fukui,JP.FI,中部
三重県,2401,北勢,47.0389291166627,49.877870567023976,45.93769661427784,47.61816543265484,242,やや低,24,Mie,JP.ME,近畿
宮崎県,4506,西都児湯,45.28989861855106,45.14271949334057,52.37728812891657,47.6033020802694,243,やや低,45,Miyazaki,JP.MZ,九州
宮崎県,4503,延岡西臼杵,48.470850032757525,48.451116723874456,45.2783777333143,47.400114829982094,244,やや低,45,Miyazaki,JP.MZ,九州
福岡県,4003,宗像,43.28822008044243,49.34841635077092,49.24395019170638,47.29352887430658,245,やや低,40,Fukuoka,JP.FO,九州
福岡県,4002,粕屋,47.75860109414893,48.3383624064256,45.72634261145759,47.274435370677374,246,やや低,40,Fukuoka,JP.FO,九州
奈良県,2903,西和,50.897316883874026,52.904304216799694,37.78230945466407,47.19464351844593,247,やや低,29,Nara,JP.NR,近畿
福岡県,4004,筑紫,49.043972301982976,48.80174144068685,43.67492171303704,47.17354515190229,248,やや低,40,Fukuoka,JP.FO,九州
栃木県,904,県東,41.85255198474823,40.042876365685416,59.53581684684104,47.14374839909156,249,やや低,09,Tochigi,JP.TC,関東
千葉県,1203,東葛北部,48.78147592199608,50.84020003176919,41.66019404306515,47.093956665610136,250,やや低,12,Chiba,JP.CH,関東
栃木県,905,県南,46.384010124235466,43.909080636290525,50.83103521825413,47.04137532626004,251,やや低,09,Tochigi,JP.TC,関東
奈良県,2904,中和,50.73843590381925,51.1799675205886,39.18944176611864,47.035948396842166,252,やや低,29,Nara,JP.NR,近畿
長野県,2002,上小,49.806931791991374,51.60641056507153,39.67311531329017,47.02881922345102,253,やや低,20,Nagano,JP.NN,中部
山形県,604,庄内,42.51824391901263,48.35771871814193,50.18028163695145,47.01874809136867,254,やや低,06,Yamagata,JP.YT,東北
長崎県,4206,五島,40.85873419006563,51.82697149865932,48.323890381098,47.00319868994098,255,やや低,42,Nagasaki,JP.NS,九州
千葉県,1201,千葉,51.25261808236161,46.258275962800006,43.16042204092318,46.8904386953616,256,やや低,12,Chiba,JP.CH,関東
神奈川県,1410,相模原,51.28677564144292,46.7281504797422,42.64199420476132,46.88564010864881,257,やや低,14,Kanagawa,JP.KN,関東
兵庫県,2810,淡路,42.23331436075525,55.52712815545997,42.74653918327046,46.83566056649522,258,やや低,28,Hyogo,JP.HG,近畿
山形県,601,村山,40.99140098567356,45.3991364541572,54.03286255571382,46.80779999851486,259,やや低,06,Yamagata,JP.YT,東北
新潟県,1502,新潟,48.92599096703864,47.0326419306756,44.17863438402991,46.71242242724805,260,やや低,15,Niigata,JP.NI,中部
秋田県,507,横手,47.4850310290001,48.082134266360896,44.559659140835485,46.70894147873216,261,やや低,05,Akita,JP.AK,東北
静岡県,2208,西部,45.22909407255216,47.95235154573412,46.83623082121811,46.67255881316813,262,やや低,22,Shizuoka,JP.SZ,中部
愛知県,2313,名古屋・尾張中部,52.312461000609865,48.75579956948015,38.90248712441333,46.65691589816779,263,やや低,23,Aichi,JP.AI,中部
栃木県,902,県西,48.64296324315447,41.01391399310389,50.11904547529868,46.59197423718568,264,やや低,09,Tochigi,JP.TC,関東
埼玉県,1101,南部,49.27334641689775,47.58174654349909,42.80647507383297,46.55385601140994,265,やや低,11,Saitama,JP.ST,関東
福島県,701,県北,41.30169365275592,46.15941555691813,51.70031508302162,46.38714143089856,266,やや低,07,Fukushima,JP.FS,東北
香川県,3702,小豆,45.10752159868382,54.58820963810481,39.422007700536646,46.37257964577509,267,やや低,37,Kagawa,JP.KG,四国
埼玉県,1102,南西部,49.04112296915429,48.05140626599821,41.83086375930471,46.30779766481908,268,やや低,11,Saitama,JP.ST,関東
三重県,2402,中勢伊賀,47.14774189930424,47.65714375209538,44.05056554904368,46.28515040014776,269,低リスク,24,Mie,JP.ME,近畿
神奈川県,1408,湘南西部,52.18297045994849,46.46587579596064,40.16600765239522,46.27161796943478,270,低リスク,14,Kanagawa,JP.KN,関東
大阪府,2708,大阪市,50.711146707564815,47.85666190585236,40.01472381500992,46.194177476142364,271,低リスク,27,Osaka,JP.OS,近畿
静岡県,2207,中東遠,43.61141729481292,47.09867969179705,47.73412793888585,46.14807497516528,272,低リスク,22,Shizuoka,JP.SZ,中部
滋賀県,2503,甲賀,45.432002262768,47.73934680330189,45.05456903627638,46.07530603411542,273,低リスク,25,Shiga,JP.SH,近畿
奈良県,2901,奈良,52.308258782423735,50.38776209214129,35.370141091185964,46.02205398858366,274,低リスク,29,Nara,JP.NR,近畿
長野県,2010,北信,54.3848799071941,41.25976281266418,42.30520841603854,45.98328371196561,275,低リスク,20,Nagano,JP.NN,中部
岐阜県,2104,東濃,48.82326644271437,48.695252116153725,40.411812692879685,45.97677708391592,276,低リスク,21,Gifu,JP.GF,中部
長野県,2005,飯伊,53.15599919553149,50.2010815654415,34.25935930238424,45.872146687785744,277,低リスク,20,Nagano,JP.NN,中部
愛知県,2308,西三河北部,46.26207491564897,46.91580410534385,44.27803415160696,45.81863772419992,278,低リスク,23,Aichi,JP.AI,中部
京都府,2602,中丹,51.353944111893526,47.95854629056163,37.78458713536296,45.69902584593937,279,低リスク,26,Kyoto,JP.KY,近畿
茨城県,806,つくば,42.87908840957543,49.15232767945092,44.9609053732251,45.664107154083815,280,低リスク,08,Ibaraki,JP.IB,関東
宮崎県,4501,宮崎東諸県,52.98235960491687,42.15921416872625,41.77821790993128,45.63993056119147,281,低リスク,45,Miyazaki,JP.MZ,九州
千葉県,1202,東葛南部,51.118308582885646,46.11803474703133,39.608752653803954,45.615031994573634,282,低リスク,12,Chiba,JP.CH,関東
福岡県,4001,福岡・糸島,49.11657154990628,47.59541775378432,40.131703709070976,45.61456433758719,283,低リスク,40,Fukuoka,JP.FO,九州
岐阜県,2105,飛騨,53.00390969310621,48.03464048095125,35.599245396727795,45.545931856928426,284,低リスク,21,Gifu,JP.GF,中部
神奈川県,1406,横須賀・三浦,49.60208370112331,47.089741432055696,39.63361980423659,45.441814979138535,285,低リスク,14,Kanagawa,JP.KN,関東
福島県,703,県南,40.85801562726472,43.48905957015564,51.95348942710423,45.43352154150819,286,低リスク,07,Fukushima,JP.FS,東北
長崎県,4204,県南,47.33341925828756,42.96494755523824,45.98978916393335,45.42938532581972,287,低リスク,42,Nagasaki,JP.NS,九州
鳥取県,3101,東部,45.67421648712626,48.73559434826069,41.79311893814763,45.40097659117819,288,低リスク,31,Tottori,JP.TT,中国
長野県,2009,長野,53.126727371272615,44.59627752450466,38.4042043827238,45.37573642616703,289,低リスク,20,Nagano,JP.NN,中部
福岡県,4007,八女・筑後,41.35667210006234,46.83057854741583,47.84360090592425,45.34361718446747,290,低リスク,40,Fukuoka,JP.FO,九州
東京都,1310,北多摩西部,52.40413569572935,44.937767761980055,38.42587598683848,45.25592648151597,291,低リスク,13,Tokyo,JP.TK,関東
静岡県,2205,静岡,51.12155713898503,41.06805228435921,43.516140840426566,45.23525008792361,292,低リスク,22,Shizuoka,JP.SZ,中部
埼玉県,1104,さいたま,50.31851139891195,42.66081715006046,42.18678425960061,45.05537093619101,293,低リスク,11,Saitama,JP.ST,関東
大阪府,2702,三島,52.982806738940525,45.09116147161412,37.03894071702472,45.037636309193125,294,低リスク,27,Osaka,JP.OS,近畿
東京都,1309,南多摩,51.96967606091872,44.718592063122976,38.281736048472325,44.99000139083801,295,低リスク,13,Tokyo,JP.TK,関東
山口県,3507,長門,38.18756734387252,50.440068791731626,46.03016089847665,44.8859323446936,296,低リスク,35,Yamaguchi,JP.YC,中国
長野県,2008,大北,42.64206063886216,46.71518330394221,45.1215683402768,44.826270761027054,297,低リスク,20,Nagano,JP.NN,中部
愛知県,2304,尾張東部,48.19683109017832,49.775807540221656,36.25559836898447,44.742745666461474,298,低リスク,23,Aichi,JP.AI,中部
京都府,2603,南丹,51.14411056153303,43.78050917623417,39.26434628048404,44.729655339417086,299,低リスク,26,Kyoto,JP.KY,近畿
東京都,1307,区東部,49.51574536349558,44.04616037429852,40.38322823958888,44.648377992460986,300,低リスク,13,Tokyo,JP.TK,関東
東京都,1313,島しょ,25.980778771105623,54.57175633376767,53.14299556524874,44.56517689004068,301,低リスク,13,Tokyo,JP.TK,関東
北海道,104,札幌,47.6421031890105,45.61847443355786,40.22361569168314,44.49473110475049,302,低リスク,01,Hokkaido,JP.HK,北海道
長野県,2003,諏訪,51.73114673772865,45.62298624329114,36.05786404619765,44.47066567573915,303,低リスク,20,Nagano,JP.NN,中部
滋賀県,2505,湖東,45.04398294758214,48.186182495655,40.11810869226501,44.44942471183405,304,低リスク,25,Shiga,JP.SH,近畿
兵庫県,2811,阪神,52.015605040702376,44.384311217142,35.813933911875985,44.07128338990679,305,低リスク,28,Hyogo,JP.HG,近畿
大阪府,2701,豊能,53.05809175692062,44.25683333512397,34.4260267225139,43.91365060485284,306,低リスク,27,Osaka,JP.OS,近畿
山形県,603,置賜,34.487492996814865,48.18956832883582,48.99428113080784,43.89044748548617,307,低リスク,06,Yamagata,JP.YT,東北
兵庫県,2801,神戸,52.22730019342512,42.68293370842196,36.70540095686553,43.87187828623754,308,低リスク,28,Hyogo,JP.HG,近畿
長野県,2007,松本,49.005423448558126,48.39516381951764,34.18670768353738,43.86243165053772,309,低リスク,20,Nagano,JP.NN,中部
宮崎県,4507,日向入郷,42.97182835979478,45.3036568035248,43.29122689243257,43.85557068525071,310,低リスク,45,Miyazaki,JP.MZ,九州
静岡県,2206,志太榛原,44.59625697255204,41.9986631606452,43.62861139790852,43.407843843701926,311,低リスク,22,Shizuoka,JP.SZ,中部
東京都,1305,区西北部,50.234962745179125,43.82487408475518,36.07036786933583,43.37673489975671,312,低リスク,13,Tokyo,JP.TK,関東
東京都,1312,北多摩北部,52.11705302677046,42.33466751446792,35.59280631705472,43.34817561943103,313,低リスク,13,Tokyo,JP.TK,関東
神奈川県,1412,横浜,50.21527032885541,43.7739804228775,35.04718048934888,43.01214374702727,314,低リスク,14,Kanagawa,JP.KN,関東
京都府,2604,京都・乙訓,50.843333037062045,42.55078946304166,34.99518926754148,42.79643725588173,315,低リスク,26,Kyoto,JP.KY,近畿
神奈川県,1405,川崎南部,46.08317858154548,43.501784774065385,38.70423630365136,42.76306655308741,316,低リスク,14,Kanagawa,JP.KN,関東
栃木県,903,宇都宮,41.79883507834358,44.27387129574648,41.96683708510494,42.67984781973167,317,低リスク,09,Tochigi,JP.TC,関東
滋賀県,2504,東近江,43.54104216472624,45.01721830994907,38.43685417169413,42.33170488212315,318,低リスク,25,Shiga,JP.SH,近畿
神奈川県,1407,湘南東部,49.92766344008813,45.25598052714695,31.49625733918337,42.22663376880615,319,低リスク,14,Kanagawa,JP.KN,関東
滋賀県,2501,大津,47.01884838849951,44.17230869626266,35.344202687743945,42.17845325750204,320,低リスク,25,Shiga,JP.SH,近畿
京都府,2606,山城南,47.38792269791617,42.11340140442668,36.84506479897637,42.1154629671064,321,低リスク,26,Kyoto,JP.KY,近畿
京都府,2601,丹後,38.94151988083722,48.07398548359302,38.696417168949154,41.90397417779313,322,低リスク,26,Kyoto,JP.KY,近畿
長野県,2004,上伊那,54.67697749153445,39.50267482357649,30.67570360594769,41.618451973686206,323,低リスク,20,Nagano,JP.NN,中部
鳥取県,3103,西部,29.91558230079583,50.98516133729737,43.32079593914444,41.407179859079214,324,低リスク,31,Tottori,JP.TT,中国
滋賀県,2502,湖南,46.62799659589166,43.022382223336464,34.21666673670558,41.28901518531124,325,低リスク,25,Shiga,JP.SH,近畿
鳥取県,3102,中部,27.891984348629357,53.91938705063821,42.05389686197033,41.28842275374596,326,低リスク,31,Tottori,JP.TT,中国
滋賀県,2506,湖北,41.67383206034491,47.36601411355306,34.610332384340936,41.21672618607963,327,低リスク,25,Shiga,JP.SH,近畿
東京都,1302,区南部,48.649026620062514,37.46086291167857,34.80316710181088,40.30435221118398,328,低リスク,13,Tokyo,JP.TK,関東
新潟県,1506,上越,47.31800408467575,36.85327139206381,36.20538761743174,40.12555436472377,329,低リスク,15,Niigata,JP.NI,中部
東京都,1304,区西部,48.31142787182897,41.17538049229781,29.168979145224945,39.55192916978391,330,低リスク,13,Tokyo,JP.TK,関東
東京都,1311,北多摩南部,48.6473336054751,40.4035091783274,29.58944487123445,39.54676255167898,331,低リスク,13,Tokyo,JP.TK,関東
神奈川県,1404,川崎北部,47.01583703004495,41.627521926632376,29.918189293403216,39.52051608336018,332,低リスク,14,Kanagawa,JP.KN,関東
東京都,1308,西多摩,27.254230525404804,47.62542647077965,42.92231137831945,39.2673227915013,333,低リスク,13,Tokyo,JP.TK,関東
東京都,1301,区中央部,45.83799274167018,40.67689483375803,30.28728178126201,38.93405645223008,334,低リスク,13,Tokyo,JP.TK,関東
東京都,1303,区西南部,45.92208663302638,40.79955067114323,22.808012666182048,36.50988332345056,335,低リスク,13,Tokyo,JP.TK,関東
